"day","id_1","id_2","dominance_1","dominance_2","pair_id","observed_hours","same_location"
1,11,10,0.0909090909090909,0.1,1,5,FALSE
3,11,10,0.0909090909090909,0.1,1,1,FALSE
4,11,10,0.0909090909090909,0.1,1,3,FALSE
6,11,10,0.0909090909090909,0.1,1,24,TRUE
7,11,10,0.0909090909090909,0.1,1,5,FALSE
10,11,10,0.0909090909090909,0.1,1,24,TRUE
11,11,10,0.0909090909090909,0.1,1,6,FALSE
12,11,10,0.0909090909090909,0.1,1,24,TRUE
16,11,10,0.0909090909090909,0.1,1,24,TRUE
17,11,10,0.0909090909090909,0.1,1,2,FALSE
19,11,10,0.0909090909090909,0.1,1,24,TRUE
20,11,10,0.0909090909090909,0.1,1,24,TRUE
1,12,10,0.0833333333333333,0.1,2,24,TRUE
3,12,10,0.0833333333333333,0.1,2,24,TRUE
4,12,10,0.0833333333333333,0.1,2,24,TRUE
6,12,10,0.0833333333333333,0.1,2,22,TRUE
8,12,10,0.0833333333333333,0.1,2,5,FALSE
11,12,10,0.0833333333333333,0.1,2,24,TRUE
12,12,10,0.0833333333333333,0.1,2,23,TRUE
16,12,10,0.0833333333333333,0.1,2,6,FALSE
17,12,10,0.0833333333333333,0.1,2,3,FALSE
20,12,10,0.0833333333333333,0.1,2,1,FALSE
1,13,10,0.0769230769230769,0.1,3,7,FALSE
3,13,10,0.0769230769230769,0.1,3,24,TRUE
4,13,10,0.0769230769230769,0.1,3,4,FALSE
6,13,10,0.0769230769230769,0.1,3,9,FALSE
8,13,10,0.0769230769230769,0.1,3,3,FALSE
10,13,10,0.0769230769230769,0.1,3,23,TRUE
11,13,10,0.0769230769230769,0.1,3,3,FALSE
12,13,10,0.0769230769230769,0.1,3,7,FALSE
16,13,10,0.0769230769230769,0.1,3,4,FALSE
17,13,10,0.0769230769230769,0.1,3,5,FALSE
19,13,10,0.0769230769230769,0.1,3,23,TRUE
20,13,10,0.0769230769230769,0.1,3,7,FALSE
1,14,10,0.0714285714285714,0.1,4,9,FALSE
3,14,10,0.0714285714285714,0.1,4,24,TRUE
4,14,10,0.0714285714285714,0.1,4,3,FALSE
6,14,10,0.0714285714285714,0.1,4,8,FALSE
8,14,10,0.0714285714285714,0.1,4,23,TRUE
11,14,10,0.0714285714285714,0.1,4,24,TRUE
12,14,10,0.0714285714285714,0.1,4,23,TRUE
16,14,10,0.0714285714285714,0.1,4,3,FALSE
17,14,10,0.0714285714285714,0.1,4,24,TRUE
19,14,10,0.0714285714285714,0.1,4,7,FALSE
20,14,10,0.0714285714285714,0.1,4,5,FALSE
1,15,10,0.0666666666666667,0.1,5,2,FALSE
4,15,10,0.0666666666666667,0.1,5,6,FALSE
6,15,10,0.0666666666666667,0.1,5,23,TRUE
10,15,10,0.0666666666666667,0.1,5,22,TRUE
11,15,10,0.0666666666666667,0.1,5,23,TRUE
16,15,10,0.0666666666666667,0.1,5,3,FALSE
17,15,10,0.0666666666666667,0.1,5,3,FALSE
19,15,10,0.0666666666666667,0.1,5,22,TRUE
20,15,10,0.0666666666666667,0.1,5,20,TRUE
3,10,1,0.1,1,6,4,FALSE
4,10,1,0.1,1,6,24,TRUE
5,10,1,0.1,1,6,24,TRUE
6,10,1,0.1,1,6,5,FALSE
10,10,1,0.1,1,6,24,TRUE
11,10,1,0.1,1,6,4,FALSE
12,10,1,0.1,1,6,24,TRUE
16,10,1,0.1,1,6,24,TRUE
17,10,1,0.1,1,6,24,TRUE
19,10,1,0.1,1,6,24,TRUE
2,11,1,0.0909090909090909,1,7,24,TRUE
3,11,1,0.0909090909090909,1,7,24,TRUE
4,11,1,0.0909090909090909,1,7,7,FALSE
6,11,1,0.0909090909090909,1,7,5,FALSE
10,11,1,0.0909090909090909,1,7,24,TRUE
11,11,1,0.0909090909090909,1,7,24,TRUE
12,11,1,0.0909090909090909,1,7,24,TRUE
16,11,1,0.0909090909090909,1,7,24,TRUE
17,11,1,0.0909090909090909,1,7,3,FALSE
19,11,1,0.0909090909090909,1,7,24,TRUE
1,12,11,0.0833333333333333,0.0909090909090909,8,7,FALSE
2,12,11,0.0833333333333333,0.0909090909090909,8,20,TRUE
3,12,11,0.0833333333333333,0.0909090909090909,8,5,FALSE
4,12,11,0.0833333333333333,0.0909090909090909,8,2,FALSE
6,12,11,0.0833333333333333,0.0909090909090909,8,23,TRUE
11,12,11,0.0833333333333333,0.0909090909090909,8,5,FALSE
12,12,11,0.0833333333333333,0.0909090909090909,8,24,TRUE
16,12,11,0.0833333333333333,0.0909090909090909,8,7,FALSE
17,12,11,0.0833333333333333,0.0909090909090909,8,23,TRUE
20,12,11,0.0833333333333333,0.0909090909090909,8,5,FALSE
1,13,11,0.0769230769230769,0.0909090909090909,9,20,TRUE
2,13,11,0.0769230769230769,0.0909090909090909,9,1,FALSE
3,13,11,0.0769230769230769,0.0909090909090909,9,3,FALSE
4,13,11,0.0769230769230769,0.0909090909090909,9,19,TRUE
6,13,11,0.0769230769230769,0.0909090909090909,9,3,FALSE
10,13,11,0.0769230769230769,0.0909090909090909,9,23,TRUE
11,13,11,0.0769230769230769,0.0909090909090909,9,23,TRUE
12,13,11,0.0769230769230769,0.0909090909090909,9,3,FALSE
16,13,11,0.0769230769230769,0.0909090909090909,9,6,FALSE
17,13,11,0.0769230769230769,0.0909090909090909,9,20,TRUE
19,13,11,0.0769230769230769,0.0909090909090909,9,24,TRUE
20,13,11,0.0769230769230769,0.0909090909090909,9,4,FALSE
1,14,11,0.0714285714285714,0.0909090909090909,10,22,TRUE
2,14,11,0.0714285714285714,0.0909090909090909,10,24,TRUE
3,14,11,0.0714285714285714,0.0909090909090909,10,8,FALSE
4,14,11,0.0714285714285714,0.0909090909090909,10,23,TRUE
6,14,11,0.0714285714285714,0.0909090909090909,10,3,FALSE
11,14,11,0.0714285714285714,0.0909090909090909,10,3,FALSE
12,14,11,0.0714285714285714,0.0909090909090909,10,23,TRUE
16,14,11,0.0714285714285714,0.0909090909090909,10,4,FALSE
17,14,11,0.0714285714285714,0.0909090909090909,10,5,FALSE
19,14,11,0.0714285714285714,0.0909090909090909,10,7,FALSE
20,14,11,0.0714285714285714,0.0909090909090909,10,9,FALSE
1,15,11,0.0666666666666667,0.0909090909090909,11,18,TRUE
2,15,11,0.0666666666666667,0.0909090909090909,11,22,TRUE
4,15,11,0.0666666666666667,0.0909090909090909,11,22,TRUE
6,15,11,0.0666666666666667,0.0909090909090909,11,20,TRUE
10,15,11,0.0666666666666667,0.0909090909090909,11,18,TRUE
11,15,11,0.0666666666666667,0.0909090909090909,11,3,FALSE
16,15,11,0.0666666666666667,0.0909090909090909,11,2,FALSE
17,15,11,0.0666666666666667,0.0909090909090909,11,21,TRUE
19,15,11,0.0666666666666667,0.0909090909090909,11,22,TRUE
20,15,11,0.0666666666666667,0.0909090909090909,11,23,TRUE
2,12,1,0.0833333333333333,1,12,24,TRUE
3,12,1,0.0833333333333333,1,12,3,FALSE
4,12,1,0.0833333333333333,1,12,21,TRUE
6,12,1,0.0833333333333333,1,12,3,FALSE
9,12,1,0.0833333333333333,1,12,7,FALSE
11,12,1,0.0833333333333333,1,12,1,FALSE
12,12,1,0.0833333333333333,1,12,24,TRUE
16,12,1,0.0833333333333333,1,12,7,FALSE
17,12,1,0.0833333333333333,1,12,8,FALSE
2,13,1,0.0769230769230769,1,13,2,FALSE
3,13,1,0.0769230769230769,1,13,3,FALSE
4,13,1,0.0769230769230769,1,13,5,FALSE
6,13,1,0.0769230769230769,1,13,24,TRUE
9,13,1,0.0769230769230769,1,13,21,TRUE
10,13,1,0.0769230769230769,1,13,22,TRUE
11,13,1,0.0769230769230769,1,13,23,TRUE
12,13,1,0.0769230769230769,1,13,8,FALSE
15,13,1,0.0769230769230769,1,13,5,FALSE
16,13,1,0.0769230769230769,1,13,7,FALSE
17,13,1,0.0769230769230769,1,13,5,FALSE
19,13,1,0.0769230769230769,1,13,22,TRUE
2,14,1,0.0714285714285714,1,14,22,TRUE
3,14,1,0.0714285714285714,1,14,5,FALSE
4,14,1,0.0714285714285714,1,14,5,FALSE
6,14,1,0.0714285714285714,1,14,24,TRUE
9,14,1,0.0714285714285714,1,14,23,TRUE
11,14,1,0.0714285714285714,1,14,6,FALSE
12,14,1,0.0714285714285714,1,14,23,TRUE
16,14,1,0.0714285714285714,1,14,8,FALSE
17,14,1,0.0714285714285714,1,14,24,TRUE
19,14,1,0.0714285714285714,1,14,2,FALSE
2,15,1,0.0666666666666667,1,15,22,TRUE
4,15,1,0.0666666666666667,1,15,7,FALSE
6,15,1,0.0666666666666667,1,15,7,FALSE
9,15,1,0.0666666666666667,1,15,4,FALSE
10,15,1,0.0666666666666667,1,15,21,TRUE
11,15,1,0.0666666666666667,1,15,7,FALSE
15,15,1,0.0666666666666667,1,15,19,TRUE
16,15,1,0.0666666666666667,1,15,4,FALSE
17,15,1,0.0666666666666667,1,15,8,FALSE
19,15,1,0.0666666666666667,1,15,23,TRUE
4,2,1,0.5,1,16,3,FALSE
5,2,1,0.5,1,16,2,FALSE
6,2,1,0.5,1,16,3,FALSE
10,2,1,0.5,1,16,23,TRUE
11,2,1,0.5,1,16,24,TRUE
12,2,1,0.5,1,16,6,FALSE
16,2,1,0.5,1,16,4,FALSE
17,2,1,0.5,1,16,5,FALSE
19,2,1,0.5,1,16,10,FALSE
1,13,12,0.0769230769230769,0.0833333333333333,17,3,FALSE
2,13,12,0.0769230769230769,0.0833333333333333,17,4,FALSE
3,13,12,0.0769230769230769,0.0833333333333333,17,15,TRUE
4,13,12,0.0769230769230769,0.0833333333333333,17,5,FALSE
6,13,12,0.0769230769230769,0.0833333333333333,17,4,FALSE
8,13,12,0.0769230769230769,0.0833333333333333,17,15,TRUE
9,13,12,0.0769230769230769,0.0833333333333333,17,4,FALSE
11,13,12,0.0769230769230769,0.0833333333333333,17,6,FALSE
12,13,12,0.0769230769230769,0.0833333333333333,17,7,FALSE
16,13,12,0.0769230769230769,0.0833333333333333,17,12,TRUE
17,13,12,0.0769230769230769,0.0833333333333333,17,13,TRUE
20,13,12,0.0769230769230769,0.0833333333333333,17,12,TRUE
1,14,12,0.0714285714285714,0.0833333333333333,18,9,FALSE
2,14,12,0.0714285714285714,0.0833333333333333,18,15,TRUE
3,14,12,0.0714285714285714,0.0833333333333333,18,19,TRUE
4,14,12,0.0714285714285714,0.0833333333333333,18,5,FALSE
6,14,12,0.0714285714285714,0.0833333333333333,18,7,FALSE
8,14,12,0.0714285714285714,0.0833333333333333,18,4,FALSE
9,14,12,0.0714285714285714,0.0833333333333333,18,5,FALSE
11,14,12,0.0714285714285714,0.0833333333333333,18,20,TRUE
12,14,12,0.0714285714285714,0.0833333333333333,18,15,TRUE
16,14,12,0.0714285714285714,0.0833333333333333,18,10,TRUE
17,14,12,0.0714285714285714,0.0833333333333333,18,4,FALSE
20,14,12,0.0714285714285714,0.0833333333333333,18,22,TRUE
1,15,12,0.0666666666666667,0.0833333333333333,19,6,FALSE
2,15,12,0.0666666666666667,0.0833333333333333,19,14,TRUE
4,15,12,0.0666666666666667,0.0833333333333333,19,3,FALSE
6,15,12,0.0666666666666667,0.0833333333333333,19,12,TRUE
9,15,12,0.0666666666666667,0.0833333333333333,19,14,TRUE
11,15,12,0.0666666666666667,0.0833333333333333,19,11,TRUE
16,15,12,0.0666666666666667,0.0833333333333333,19,16,TRUE
17,15,12,0.0666666666666667,0.0833333333333333,19,14,TRUE
20,15,12,0.0666666666666667,0.0833333333333333,19,2,FALSE
3,3,1,0.333333333333333,1,20,2,FALSE
4,3,1,0.333333333333333,1,20,5,FALSE
6,3,1,0.333333333333333,1,20,15,TRUE
10,3,1,0.333333333333333,1,20,6,FALSE
11,3,1,0.333333333333333,1,20,4,FALSE
12,3,1,0.333333333333333,1,20,18,TRUE
15,3,1,0.333333333333333,1,20,15,TRUE
16,3,1,0.333333333333333,1,20,4,FALSE
17,3,1,0.333333333333333,1,20,5,FALSE
19,3,1,0.333333333333333,1,20,7,FALSE
1,14,13,0.0714285714285714,0.0769230769230769,21,14,TRUE
2,14,13,0.0714285714285714,0.0769230769230769,21,1,FALSE
3,14,13,0.0714285714285714,0.0769230769230769,21,13,TRUE
4,14,13,0.0714285714285714,0.0769230769230769,21,16,TRUE
6,14,13,0.0714285714285714,0.0769230769230769,21,18,TRUE
8,14,13,0.0714285714285714,0.0769230769230769,21,3,FALSE
9,14,13,0.0714285714285714,0.0769230769230769,21,15,TRUE
11,14,13,0.0714285714285714,0.0769230769230769,21,3,FALSE
12,14,13,0.0714285714285714,0.0769230769230769,21,6,FALSE
16,14,13,0.0714285714285714,0.0769230769230769,21,17,TRUE
17,14,13,0.0714285714285714,0.0769230769230769,21,6,FALSE
19,14,13,0.0714285714285714,0.0769230769230769,21,5,FALSE
20,14,13,0.0714285714285714,0.0769230769230769,21,13,TRUE
1,15,13,0.0666666666666667,0.0769230769230769,22,8,TRUE
2,15,13,0.0666666666666667,0.0769230769230769,22,8,FALSE
4,15,13,0.0666666666666667,0.0769230769230769,22,6,TRUE
6,15,13,0.0666666666666667,0.0769230769230769,22,4,FALSE
9,15,13,0.0666666666666667,0.0769230769230769,22,2,FALSE
10,15,13,0.0666666666666667,0.0769230769230769,22,8,TRUE
11,15,13,0.0666666666666667,0.0769230769230769,22,5,FALSE
13,15,13,0.0666666666666667,0.0769230769230769,22,7,FALSE
15,15,13,0.0666666666666667,0.0769230769230769,22,4,FALSE
16,15,13,0.0666666666666667,0.0769230769230769,22,11,TRUE
17,15,13,0.0666666666666667,0.0769230769230769,22,11,TRUE
19,15,13,0.0666666666666667,0.0769230769230769,22,7,TRUE
20,15,13,0.0666666666666667,0.0769230769230769,22,3,FALSE
3,4,1,0.25,1,23,4,FALSE
4,4,1,0.25,1,23,10,FALSE
6,4,1,0.25,1,23,2,FALSE
11,4,1,0.25,1,23,6,FALSE
12,4,1,0.25,1,23,24,TRUE
16,4,1,0.25,1,23,2,FALSE
17,4,1,0.25,1,23,24,TRUE
19,4,1,0.25,1,23,24,TRUE
1,15,14,0.0666666666666667,0.0714285714285714,24,14,TRUE
2,15,14,0.0666666666666667,0.0714285714285714,24,15,TRUE
4,15,14,0.0666666666666667,0.0714285714285714,24,10,TRUE
6,15,14,0.0666666666666667,0.0714285714285714,24,8,FALSE
9,15,14,0.0666666666666667,0.0714285714285714,24,5,FALSE
11,15,14,0.0666666666666667,0.0714285714285714,24,11,TRUE
16,15,14,0.0666666666666667,0.0714285714285714,24,16,TRUE
17,15,14,0.0666666666666667,0.0714285714285714,24,6,FALSE
19,15,14,0.0666666666666667,0.0714285714285714,24,5,FALSE
20,15,14,0.0666666666666667,0.0714285714285714,24,5,FALSE
2,5,1,0.2,1,25,10,TRUE
6,5,1,0.2,1,25,12,TRUE
9,5,1,0.2,1,25,13,TRUE
10,5,1,0.2,1,25,8,FALSE
11,5,1,0.2,1,25,4,FALSE
12,5,1,0.2,1,25,10,TRUE
15,5,1,0.2,1,25,4,FALSE
16,5,1,0.2,1,25,9,TRUE
17,5,1,0.2,1,25,7,FALSE
19,5,1,0.2,1,25,11,TRUE
4,6,1,0.166666666666667,1,26,24,TRUE
9,6,1,0.166666666666667,1,26,24,TRUE
11,6,1,0.166666666666667,1,26,24,TRUE
12,6,1,0.166666666666667,1,26,24,TRUE
16,6,1,0.166666666666667,1,26,24,TRUE
17,6,1,0.166666666666667,1,26,4,FALSE
19,6,1,0.166666666666667,1,26,3,FALSE
4,7,1,0.142857142857143,1,27,3,FALSE
6,7,1,0.142857142857143,1,27,4,FALSE
9,7,1,0.142857142857143,1,27,24,TRUE
10,7,1,0.142857142857143,1,27,3,FALSE
11,7,1,0.142857142857143,1,27,3,FALSE
12,7,1,0.142857142857143,1,27,5,FALSE
15,7,1,0.142857142857143,1,27,7,FALSE
16,7,1,0.142857142857143,1,27,23,TRUE
17,7,1,0.142857142857143,1,27,22,TRUE
19,7,1,0.142857142857143,1,27,23,TRUE
4,8,1,0.125,1,28,24,TRUE
5,8,1,0.125,1,28,24,TRUE
6,8,1,0.125,1,28,23,TRUE
9,8,1,0.125,1,28,24,TRUE
10,8,1,0.125,1,28,24,TRUE
11,8,1,0.125,1,28,3,FALSE
12,8,1,0.125,1,28,24,TRUE
16,8,1,0.125,1,28,24,TRUE
17,8,1,0.125,1,28,4,FALSE
19,8,1,0.125,1,28,24,TRUE
4,9,1,0.111111111111111,1,29,21,TRUE
5,9,1,0.111111111111111,1,29,5,FALSE
6,9,1,0.111111111111111,1,29,4,FALSE
9,9,1,0.111111111111111,1,29,5,FALSE
10,9,1,0.111111111111111,1,29,4,FALSE
11,9,1,0.111111111111111,1,29,5,FALSE
12,9,1,0.111111111111111,1,29,23,TRUE
16,9,1,0.111111111111111,1,29,9,FALSE
17,9,1,0.111111111111111,1,29,6,FALSE
1,10,2,0.1,0.5,30,5,FALSE
4,10,2,0.1,0.5,30,5,FALSE
5,10,2,0.1,0.5,30,3,FALSE
6,10,2,0.1,0.5,30,24,TRUE
10,10,2,0.1,0.5,30,24,TRUE
11,10,2,0.1,0.5,30,4,FALSE
12,10,2,0.1,0.5,30,6,FALSE
16,10,2,0.1,0.5,30,3,FALSE
17,10,2,0.1,0.5,30,5,FALSE
19,10,2,0.1,0.5,30,6,FALSE
1,11,2,0.0909090909090909,0.5,31,23,TRUE
4,11,2,0.0909090909090909,0.5,31,24,TRUE
6,11,2,0.0909090909090909,0.5,31,24,TRUE
10,11,2,0.0909090909090909,0.5,31,22,TRUE
11,11,2,0.0909090909090909,0.5,31,23,TRUE
12,11,2,0.0909090909090909,0.5,31,6,FALSE
16,11,2,0.0909090909090909,0.5,31,4,FALSE
17,11,2,0.0909090909090909,0.5,31,23,TRUE
19,11,2,0.0909090909090909,0.5,31,5,FALSE
1,12,2,0.0833333333333333,0.5,32,5,FALSE
4,12,2,0.0833333333333333,0.5,32,2,FALSE
6,12,2,0.0833333333333333,0.5,32,23,TRUE
11,12,2,0.0833333333333333,0.5,32,2,FALSE
12,12,2,0.0833333333333333,0.5,32,2,FALSE
16,12,2,0.0833333333333333,0.5,32,18,TRUE
17,12,2,0.0833333333333333,0.5,32,18,TRUE
1,13,2,0.0769230769230769,0.5,33,16,TRUE
4,13,2,0.0769230769230769,0.5,33,14,TRUE
6,13,2,0.0769230769230769,0.5,33,8,FALSE
10,13,2,0.0769230769230769,0.5,33,16,TRUE
11,13,2,0.0769230769230769,0.5,33,17,TRUE
12,13,2,0.0769230769230769,0.5,33,16,TRUE
13,13,2,0.0769230769230769,0.5,33,16,TRUE
16,13,2,0.0769230769230769,0.5,33,15,TRUE
17,13,2,0.0769230769230769,0.5,33,15,TRUE
19,13,2,0.0769230769230769,0.5,33,5,FALSE
1,14,2,0.0714285714285714,0.5,34,21,TRUE
4,14,2,0.0714285714285714,0.5,34,18,TRUE
6,14,2,0.0714285714285714,0.5,34,6,FALSE
11,14,2,0.0714285714285714,0.5,34,8,FALSE
12,14,2,0.0714285714285714,0.5,34,2,FALSE
16,14,2,0.0714285714285714,0.5,34,18,TRUE
17,14,2,0.0714285714285714,0.5,34,3,FALSE
19,14,2,0.0714285714285714,0.5,34,17,TRUE
1,15,2,0.0666666666666667,0.5,35,14,TRUE
4,15,2,0.0666666666666667,0.5,35,14,TRUE
6,15,2,0.0666666666666667,0.5,35,16,TRUE
10,15,2,0.0666666666666667,0.5,35,12,TRUE
11,15,2,0.0666666666666667,0.5,35,8,FALSE
13,15,2,0.0666666666666667,0.5,35,3,FALSE
14,15,2,0.0666666666666667,0.5,35,16,TRUE
16,15,2,0.0666666666666667,0.5,35,17,TRUE
17,15,2,0.0666666666666667,0.5,35,13,TRUE
19,15,2,0.0666666666666667,0.5,35,5,FALSE
1,3,2,0.333333333333333,0.5,36,7,FALSE
4,3,2,0.333333333333333,0.5,36,5,TRUE
6,3,2,0.333333333333333,0.5,36,5,FALSE
10,3,2,0.333333333333333,0.5,36,6,FALSE
11,3,2,0.333333333333333,0.5,36,6,FALSE
12,3,2,0.333333333333333,0.5,36,6,FALSE
13,3,2,0.333333333333333,0.5,36,3,TRUE
16,3,2,0.333333333333333,0.5,36,5,TRUE
17,3,2,0.333333333333333,0.5,36,4,TRUE
19,3,2,0.333333333333333,0.5,36,4,TRUE
1,4,2,0.25,0.5,37,5,FALSE
4,4,2,0.25,0.5,37,22,TRUE
6,4,2,0.25,0.5,37,23,TRUE
11,4,2,0.25,0.5,37,7,FALSE
12,4,2,0.25,0.5,37,5,FALSE
13,4,2,0.25,0.5,37,24,TRUE
14,4,2,0.25,0.5,37,22,TRUE
16,4,2,0.25,0.5,37,21,TRUE
17,4,2,0.25,0.5,37,4,FALSE
19,4,2,0.25,0.5,37,8,FALSE
1,5,2,0.2,0.5,38,3,TRUE
6,5,2,0.2,0.5,38,4,FALSE
10,5,2,0.2,0.5,38,7,FALSE
11,5,2,0.2,0.5,38,2,FALSE
12,5,2,0.2,0.5,38,6,FALSE
13,5,2,0.2,0.5,38,2,TRUE
16,5,2,0.2,0.5,38,6,FALSE
17,5,2,0.2,0.5,38,4,TRUE
19,5,2,0.2,0.5,38,3,FALSE
1,6,2,0.166666666666667,0.5,39,7,FALSE
4,6,2,0.166666666666667,0.5,39,4,FALSE
11,6,2,0.166666666666667,0.5,39,24,TRUE
12,6,2,0.166666666666667,0.5,39,4,FALSE
13,6,2,0.166666666666667,0.5,39,3,FALSE
14,6,2,0.166666666666667,0.5,39,7,FALSE
16,6,2,0.166666666666667,0.5,39,4,FALSE
17,6,2,0.166666666666667,0.5,39,23,TRUE
19,6,2,0.166666666666667,0.5,39,20,TRUE
1,7,2,0.142857142857143,0.5,40,5,FALSE
4,7,2,0.142857142857143,0.5,40,17,TRUE
6,7,2,0.142857142857143,0.5,40,17,TRUE
10,7,2,0.142857142857143,0.5,40,4,FALSE
11,7,2,0.142857142857143,0.5,40,4,FALSE
12,7,2,0.142857142857143,0.5,40,14,TRUE
13,7,2,0.142857142857143,0.5,40,16,TRUE
14,7,2,0.142857142857143,0.5,40,4,FALSE
16,7,2,0.142857142857143,0.5,40,4,FALSE
17,7,2,0.142857142857143,0.5,40,3,FALSE
19,7,2,0.142857142857143,0.5,40,5,FALSE
1,8,2,0.125,0.5,41,23,TRUE
4,8,2,0.125,0.5,41,9,FALSE
5,8,2,0.125,0.5,41,6,FALSE
6,8,2,0.125,0.5,41,5,FALSE
10,8,2,0.125,0.5,41,23,TRUE
11,8,2,0.125,0.5,41,7,FALSE
12,8,2,0.125,0.5,41,7,FALSE
16,8,2,0.125,0.5,41,5,FALSE
17,8,2,0.125,0.5,41,24,TRUE
19,8,2,0.125,0.5,41,6,FALSE
1,9,2,0.111111111111111,0.5,42,14,TRUE
4,9,2,0.111111111111111,0.5,42,5,FALSE
5,9,2,0.111111111111111,0.5,42,13,TRUE
6,9,2,0.111111111111111,0.5,42,12,TRUE
10,9,2,0.111111111111111,0.5,42,3,FALSE
11,9,2,0.111111111111111,0.5,42,3,FALSE
12,9,2,0.111111111111111,0.5,42,6,FALSE
13,9,2,0.111111111111111,0.5,42,3,FALSE
16,9,2,0.111111111111111,0.5,42,15,TRUE
17,9,2,0.111111111111111,0.5,42,10,TRUE
1,10,3,0.1,0.333333333333333,43,19,TRUE
3,10,3,0.1,0.333333333333333,43,21,TRUE
4,10,3,0.1,0.333333333333333,43,7,FALSE
6,10,3,0.1,0.333333333333333,43,2,FALSE
7,10,3,0.1,0.333333333333333,43,5,FALSE
10,10,3,0.1,0.333333333333333,43,4,FALSE
11,10,3,0.1,0.333333333333333,43,15,TRUE
12,10,3,0.1,0.333333333333333,43,15,TRUE
16,10,3,0.1,0.333333333333333,43,3,FALSE
17,10,3,0.1,0.333333333333333,43,5,FALSE
19,10,3,0.1,0.333333333333333,43,4,FALSE
1,11,3,0.0909090909090909,0.333333333333333,44,3,FALSE
3,11,3,0.0909090909090909,0.333333333333333,44,4,FALSE
4,11,3,0.0909090909090909,0.333333333333333,44,17,TRUE
6,11,3,0.0909090909090909,0.333333333333333,44,4,FALSE
7,11,3,0.0909090909090909,0.333333333333333,44,10,TRUE
10,11,3,0.0909090909090909,0.333333333333333,44,9,FALSE
11,11,3,0.0909090909090909,0.333333333333333,44,3,FALSE
12,11,3,0.0909090909090909,0.333333333333333,44,8,TRUE
16,11,3,0.0909090909090909,0.333333333333333,44,4,FALSE
17,11,3,0.0909090909090909,0.333333333333333,44,14,TRUE
19,11,3,0.0909090909090909,0.333333333333333,44,6,FALSE
1,12,3,0.0833333333333333,0.333333333333333,45,4,TRUE
3,12,3,0.0833333333333333,0.333333333333333,45,6,TRUE
4,12,3,0.0833333333333333,0.333333333333333,45,4,FALSE
6,12,3,0.0833333333333333,0.333333333333333,45,6,FALSE
11,12,3,0.0833333333333333,0.333333333333333,45,2,TRUE
12,12,3,0.0833333333333333,0.333333333333333,45,6,TRUE
16,12,3,0.0833333333333333,0.333333333333333,45,4,TRUE
17,12,3,0.0833333333333333,0.333333333333333,45,4,TRUE
1,13,3,0.0769230769230769,0.333333333333333,46,2,FALSE
3,13,3,0.0769230769230769,0.333333333333333,46,2,TRUE
4,13,3,0.0769230769230769,0.333333333333333,46,2,TRUE
6,13,3,0.0769230769230769,0.333333333333333,46,3,TRUE
10,13,3,0.0769230769230769,0.333333333333333,46,2,FALSE
11,13,3,0.0769230769230769,0.333333333333333,46,7,FALSE
12,13,3,0.0769230769230769,0.333333333333333,46,2,FALSE
13,13,3,0.0769230769230769,0.333333333333333,46,1,TRUE
15,13,3,0.0769230769230769,0.333333333333333,46,2,FALSE
16,13,3,0.0769230769230769,0.333333333333333,46,4,TRUE
17,13,3,0.0769230769230769,0.333333333333333,46,4,TRUE
18,13,3,0.0769230769230769,0.333333333333333,46,3,TRUE
19,13,3,0.0769230769230769,0.333333333333333,46,4,FALSE
1,14,3,0.0714285714285714,0.333333333333333,47,5,FALSE
3,14,3,0.0714285714285714,0.333333333333333,47,2,TRUE
4,14,3,0.0714285714285714,0.333333333333333,47,6,TRUE
6,14,3,0.0714285714285714,0.333333333333333,47,3,TRUE
11,14,3,0.0714285714285714,0.333333333333333,47,3,TRUE
12,14,3,0.0714285714285714,0.333333333333333,47,4,TRUE
16,14,3,0.0714285714285714,0.333333333333333,47,6,TRUE
17,14,3,0.0714285714285714,0.333333333333333,47,5,FALSE
19,14,3,0.0714285714285714,0.333333333333333,47,5,TRUE
1,15,3,0.0666666666666667,0.333333333333333,48,6,FALSE
4,15,3,0.0666666666666667,0.333333333333333,48,3,TRUE
6,15,3,0.0666666666666667,0.333333333333333,48,7,FALSE
10,15,3,0.0666666666666667,0.333333333333333,48,5,FALSE
11,15,3,0.0666666666666667,0.333333333333333,48,3,TRUE
13,15,3,0.0666666666666667,0.333333333333333,48,6,FALSE
15,15,3,0.0666666666666667,0.333333333333333,48,4,TRUE
16,15,3,0.0666666666666667,0.333333333333333,48,0,TRUE
17,15,3,0.0666666666666667,0.333333333333333,48,3,TRUE
19,15,3,0.0666666666666667,0.333333333333333,48,10,FALSE
1,4,3,0.25,0.333333333333333,49,6,TRUE
3,4,3,0.25,0.333333333333333,49,8,TRUE
4,4,3,0.25,0.333333333333333,49,7,TRUE
6,4,3,0.25,0.333333333333333,49,5,FALSE
11,4,3,0.25,0.333333333333333,49,10,TRUE
12,4,3,0.25,0.333333333333333,49,8,TRUE
13,4,3,0.25,0.333333333333333,49,9,TRUE
16,4,3,0.25,0.333333333333333,49,5,TRUE
17,4,3,0.25,0.333333333333333,49,5,FALSE
18,4,3,0.25,0.333333333333333,49,6,TRUE
19,4,3,0.25,0.333333333333333,49,4,FALSE
1,5,3,0.2,0.333333333333333,50,4,FALSE
6,5,3,0.2,0.333333333333333,50,0,TRUE
7,5,3,0.2,0.333333333333333,50,5,FALSE
10,5,3,0.2,0.333333333333333,50,0,TRUE
11,5,3,0.2,0.333333333333333,50,0,TRUE
12,5,3,0.2,0.333333333333333,50,0,TRUE
13,5,3,0.2,0.333333333333333,50,0,TRUE
15,5,3,0.2,0.333333333333333,50,3,FALSE
16,5,3,0.2,0.333333333333333,50,7,FALSE
17,5,3,0.2,0.333333333333333,50,0,TRUE
18,5,3,0.2,0.333333333333333,50,0,TRUE
19,5,3,0.2,0.333333333333333,50,4,FALSE
1,6,3,0.166666666666667,0.333333333333333,51,12,TRUE
4,6,3,0.166666666666667,0.333333333333333,51,6,FALSE
7,6,3,0.166666666666667,0.333333333333333,51,16,TRUE
11,6,3,0.166666666666667,0.333333333333333,51,5,FALSE
12,6,3,0.166666666666667,0.333333333333333,51,10,TRUE
13,6,3,0.166666666666667,0.333333333333333,51,4,FALSE
16,6,3,0.166666666666667,0.333333333333333,51,6,FALSE
17,6,3,0.166666666666667,0.333333333333333,51,13,TRUE
19,6,3,0.166666666666667,0.333333333333333,51,12,TRUE
1,7,3,0.142857142857143,0.333333333333333,52,0,TRUE
4,7,3,0.142857142857143,0.333333333333333,52,5,TRUE
6,7,3,0.142857142857143,0.333333333333333,52,6,FALSE
7,7,3,0.142857142857143,0.333333333333333,52,4,TRUE
10,7,3,0.142857142857143,0.333333333333333,52,1,TRUE
11,7,3,0.142857142857143,0.333333333333333,52,3,TRUE
12,7,3,0.142857142857143,0.333333333333333,52,7,FALSE
13,7,3,0.142857142857143,0.333333333333333,52,2,TRUE
15,7,3,0.142857142857143,0.333333333333333,52,3,FALSE
16,7,3,0.142857142857143,0.333333333333333,52,5,FALSE
17,7,3,0.142857142857143,0.333333333333333,52,10,FALSE
18,7,3,0.142857142857143,0.333333333333333,52,7,FALSE
19,7,3,0.142857142857143,0.333333333333333,52,1,FALSE
1,8,3,0.125,0.333333333333333,53,8,FALSE
4,8,3,0.125,0.333333333333333,53,3,FALSE
6,8,3,0.125,0.333333333333333,53,7,TRUE
7,8,3,0.125,0.333333333333333,53,6,FALSE
10,8,3,0.125,0.333333333333333,53,3,FALSE
11,8,3,0.125,0.333333333333333,53,12,TRUE
12,8,3,0.125,0.333333333333333,53,6,TRUE
16,8,3,0.125,0.333333333333333,53,2,FALSE
17,8,3,0.125,0.333333333333333,53,9,TRUE
19,8,3,0.125,0.333333333333333,53,7,FALSE
1,9,3,0.111111111111111,0.333333333333333,54,5,FALSE
4,9,3,0.111111111111111,0.333333333333333,54,5,FALSE
6,9,3,0.111111111111111,0.333333333333333,54,4,FALSE
7,9,3,0.111111111111111,0.333333333333333,54,2,FALSE
10,9,3,0.111111111111111,0.333333333333333,54,2,TRUE
11,9,3,0.111111111111111,0.333333333333333,54,1,TRUE
12,9,3,0.111111111111111,0.333333333333333,54,1,TRUE
13,9,3,0.111111111111111,0.333333333333333,54,6,FALSE
16,9,3,0.111111111111111,0.333333333333333,54,4,TRUE
17,9,3,0.111111111111111,0.333333333333333,54,0,TRUE
18,9,3,0.111111111111111,0.333333333333333,54,6,FALSE
1,10,4,0.1,0.25,55,22,TRUE
3,10,4,0.1,0.25,55,23,TRUE
4,10,4,0.1,0.25,55,5,FALSE
6,10,4,0.1,0.25,55,23,TRUE
8,10,4,0.1,0.25,55,23,TRUE
11,10,4,0.1,0.25,55,22,TRUE
12,10,4,0.1,0.25,55,24,TRUE
16,10,4,0.1,0.25,55,3,FALSE
17,10,4,0.1,0.25,55,23,TRUE
19,10,4,0.1,0.25,55,24,TRUE
20,10,4,0.1,0.25,55,24,TRUE
1,11,4,0.0909090909090909,0.25,56,6,FALSE
3,11,4,0.0909090909090909,0.25,56,1,FALSE
4,11,4,0.0909090909090909,0.25,56,23,TRUE
6,11,4,0.0909090909090909,0.25,56,23,TRUE
11,11,4,0.0909090909090909,0.25,56,5,FALSE
12,11,4,0.0909090909090909,0.25,56,23,TRUE
16,11,4,0.0909090909090909,0.25,56,6,FALSE
17,11,4,0.0909090909090909,0.25,56,6,FALSE
19,11,4,0.0909090909090909,0.25,56,23,TRUE
20,11,4,0.0909090909090909,0.25,56,23,TRUE
1,12,4,0.0833333333333333,0.25,57,21,TRUE
3,12,4,0.0833333333333333,0.25,57,23,TRUE
4,12,4,0.0833333333333333,0.25,57,9,FALSE
6,12,4,0.0833333333333333,0.25,57,19,TRUE
8,12,4,0.0833333333333333,0.25,57,4,FALSE
11,12,4,0.0833333333333333,0.25,57,23,TRUE
12,12,4,0.0833333333333333,0.25,57,21,TRUE
16,12,4,0.0833333333333333,0.25,57,19,TRUE
17,12,4,0.0833333333333333,0.25,57,6,FALSE
20,12,4,0.0833333333333333,0.25,57,4,FALSE
1,13,4,0.0769230769230769,0.25,58,4,FALSE
3,13,4,0.0769230769230769,0.25,58,16,TRUE
4,13,4,0.0769230769230769,0.25,58,19,TRUE
6,13,4,0.0769230769230769,0.25,58,4,FALSE
8,13,4,0.0769230769230769,0.25,58,5,FALSE
11,13,4,0.0769230769230769,0.25,58,2,FALSE
12,13,4,0.0769230769230769,0.25,58,4,FALSE
13,13,4,0.0769230769230769,0.25,58,16,TRUE
16,13,4,0.0769230769230769,0.25,58,19,TRUE
17,13,4,0.0769230769230769,0.25,58,6,FALSE
18,13,4,0.0769230769230769,0.25,58,23,TRUE
19,13,4,0.0769230769230769,0.25,58,17,TRUE
20,13,4,0.0769230769230769,0.25,58,4,FALSE
1,14,4,0.0714285714285714,0.25,59,4,FALSE
3,14,4,0.0714285714285714,0.25,59,21,TRUE
4,14,4,0.0714285714285714,0.25,59,21,TRUE
6,14,4,0.0714285714285714,0.25,59,4,FALSE
8,14,4,0.0714285714285714,0.25,59,20,TRUE
11,14,4,0.0714285714285714,0.25,59,21,TRUE
12,14,4,0.0714285714285714,0.25,59,22,TRUE
16,14,4,0.0714285714285714,0.25,59,20,TRUE
17,14,4,0.0714285714285714,0.25,59,22,TRUE
19,14,4,0.0714285714285714,0.25,59,6,FALSE
20,14,4,0.0714285714285714,0.25,59,5,FALSE
1,15,4,0.0666666666666667,0.25,60,5,FALSE
4,15,4,0.0666666666666667,0.25,60,19,TRUE
6,15,4,0.0666666666666667,0.25,60,20,TRUE
11,15,4,0.0666666666666667,0.25,60,18,TRUE
13,15,4,0.0666666666666667,0.25,60,3,FALSE
14,15,4,0.0666666666666667,0.25,60,18,TRUE
16,15,4,0.0666666666666667,0.25,60,19,TRUE
17,15,4,0.0666666666666667,0.25,60,5,FALSE
19,15,4,0.0666666666666667,0.25,60,14,TRUE
20,15,4,0.0666666666666667,0.25,60,14,TRUE
1,5,4,0.2,0.25,61,4,FALSE
6,5,4,0.2,0.25,61,2,FALSE
8,5,4,0.2,0.25,61,3,FALSE
11,5,4,0.2,0.25,61,6,TRUE
12,5,4,0.2,0.25,61,4,TRUE
13,5,4,0.2,0.25,61,5,TRUE
16,5,4,0.2,0.25,61,2,FALSE
17,5,4,0.2,0.25,61,4,FALSE
18,5,4,0.2,0.25,61,2,TRUE
19,5,4,0.2,0.25,61,4,TRUE
20,5,4,0.2,0.25,61,5,TRUE
1,6,4,0.166666666666667,0.25,62,23,TRUE
4,6,4,0.166666666666667,0.25,62,7,FALSE
11,6,4,0.166666666666667,0.25,62,3,FALSE
12,6,4,0.166666666666667,0.25,62,23,TRUE
13,6,4,0.166666666666667,0.25,62,4,FALSE
14,6,4,0.166666666666667,0.25,62,8,FALSE
16,6,4,0.166666666666667,0.25,62,5,FALSE
17,6,4,0.166666666666667,0.25,62,7,FALSE
19,6,4,0.166666666666667,0.25,62,5,FALSE
20,6,4,0.166666666666667,0.25,62,24,TRUE
1,7,4,0.142857142857143,0.25,63,18,TRUE
4,7,4,0.142857142857143,0.25,63,19,TRUE
6,7,4,0.142857142857143,0.25,63,18,TRUE
8,7,4,0.142857142857143,0.25,63,8,FALSE
11,7,4,0.142857142857143,0.25,63,21,TRUE
12,7,4,0.142857142857143,0.25,63,6,FALSE
13,7,4,0.142857142857143,0.25,63,20,TRUE
14,7,4,0.142857142857143,0.25,63,4,FALSE
16,7,4,0.142857142857143,0.25,63,4,FALSE
17,7,4,0.142857142857143,0.25,63,20,TRUE
18,7,4,0.142857142857143,0.25,63,5,FALSE
19,7,4,0.142857142857143,0.25,63,17,TRUE
20,7,4,0.142857142857143,0.25,63,18,TRUE
1,8,4,0.125,0.25,64,4,FALSE
4,8,4,0.125,0.25,64,5,FALSE
6,8,4,0.125,0.25,64,4,FALSE
8,8,4,0.125,0.25,64,24,TRUE
11,8,4,0.125,0.25,64,24,TRUE
12,8,4,0.125,0.25,64,24,TRUE
16,8,4,0.125,0.25,64,8,FALSE
17,8,4,0.125,0.25,64,4,FALSE
19,8,4,0.125,0.25,64,22,TRUE
20,8,4,0.125,0.25,64,21,TRUE
1,9,4,0.111111111111111,0.25,65,10,FALSE
4,9,4,0.111111111111111,0.25,65,5,FALSE
6,9,4,0.111111111111111,0.25,65,15,TRUE
8,9,4,0.111111111111111,0.25,65,1,FALSE
11,9,4,0.111111111111111,0.25,65,20,TRUE
12,9,4,0.111111111111111,0.25,65,14,TRUE
13,9,4,0.111111111111111,0.25,65,3,FALSE
16,9,4,0.111111111111111,0.25,65,18,TRUE
17,9,4,0.111111111111111,0.25,65,4,FALSE
18,9,4,0.111111111111111,0.25,65,5,FALSE
20,9,4,0.111111111111111,0.25,65,5,FALSE
1,10,5,0.1,0.2,66,3,FALSE
6,10,5,0.1,0.2,66,7,FALSE
7,10,5,0.1,0.2,66,14,TRUE
8,10,5,0.1,0.2,66,3,FALSE
10,10,5,0.1,0.2,66,6,FALSE
11,10,5,0.1,0.2,66,17,TRUE
12,10,5,0.1,0.2,66,13,TRUE
16,10,5,0.1,0.2,66,15,TRUE
17,10,5,0.1,0.2,66,3,FALSE
19,10,5,0.1,0.2,66,17,TRUE
20,10,5,0.1,0.2,66,15,TRUE
1,11,5,0.0909090909090909,0.2,67,13,TRUE
2,11,5,0.0909090909090909,0.2,67,8,TRUE
6,11,5,0.0909090909090909,0.2,67,5,FALSE
7,11,5,0.0909090909090909,0.2,67,5,FALSE
10,11,5,0.0909090909090909,0.2,67,10,FALSE
11,11,5,0.0909090909090909,0.2,67,4,FALSE
12,11,5,0.0909090909090909,0.2,67,11,TRUE
16,11,5,0.0909090909090909,0.2,67,9,TRUE
17,11,5,0.0909090909090909,0.2,67,11,TRUE
19,11,5,0.0909090909090909,0.2,67,10,TRUE
20,11,5,0.0909090909090909,0.2,67,8,TRUE
1,12,5,0.0833333333333333,0.2,68,5,FALSE
2,12,5,0.0833333333333333,0.2,68,3,TRUE
6,12,5,0.0833333333333333,0.2,68,5,FALSE
8,12,5,0.0833333333333333,0.2,68,2,TRUE
9,12,5,0.0833333333333333,0.2,68,4,FALSE
11,12,5,0.0833333333333333,0.2,68,1,TRUE
12,12,5,0.0833333333333333,0.2,68,1,TRUE
16,12,5,0.0833333333333333,0.2,68,5,FALSE
17,12,5,0.0833333333333333,0.2,68,1,TRUE
20,12,5,0.0833333333333333,0.2,68,3,FALSE
1,13,5,0.0769230769230769,0.2,69,0,TRUE
2,13,5,0.0769230769230769,0.2,69,8,FALSE
6,13,5,0.0769230769230769,0.2,69,1,TRUE
8,13,5,0.0769230769230769,0.2,69,1,TRUE
9,13,5,0.0769230769230769,0.2,69,0,TRUE
10,13,5,0.0769230769230769,0.2,69,5,FALSE
11,13,5,0.0769230769230769,0.2,69,6,FALSE
12,13,5,0.0769230769230769,0.2,69,4,FALSE
13,13,5,0.0769230769230769,0.2,69,1,TRUE
15,13,5,0.0769230769230769,0.2,69,1,TRUE
16,13,5,0.0769230769230769,0.2,69,6,FALSE
17,13,5,0.0769230769230769,0.2,69,0,TRUE
18,13,5,0.0769230769230769,0.2,69,1,TRUE
19,13,5,0.0769230769230769,0.2,69,3,TRUE
20,13,5,0.0769230769230769,0.2,69,5,FALSE
1,14,5,0.0714285714285714,0.2,70,1,TRUE
2,14,5,0.0714285714285714,0.2,70,1,TRUE
6,14,5,0.0714285714285714,0.2,70,3,TRUE
8,14,5,0.0714285714285714,0.2,70,4,FALSE
9,14,5,0.0714285714285714,0.2,70,3,TRUE
11,14,5,0.0714285714285714,0.2,70,3,TRUE
12,14,5,0.0714285714285714,0.2,70,3,TRUE
16,14,5,0.0714285714285714,0.2,70,4,FALSE
17,14,5,0.0714285714285714,0.2,70,5,FALSE
19,14,5,0.0714285714285714,0.2,70,9,FALSE
20,14,5,0.0714285714285714,0.2,70,2,FALSE
1,15,5,0.0666666666666667,0.2,71,0,TRUE
2,15,5,0.0666666666666667,0.2,71,1,TRUE
6,15,5,0.0666666666666667,0.2,71,7,FALSE
9,15,5,0.0666666666666667,0.2,71,5,FALSE
10,15,5,0.0666666666666667,0.2,71,1,FALSE
11,15,5,0.0666666666666667,0.2,71,1,TRUE
13,15,5,0.0666666666666667,0.2,71,1,FALSE
15,15,5,0.0666666666666667,0.2,71,2,FALSE
16,15,5,0.0666666666666667,0.2,71,2,FALSE
17,15,5,0.0666666666666667,0.2,71,0,TRUE
19,15,5,0.0666666666666667,0.2,71,2,TRUE
20,15,5,0.0666666666666667,0.2,71,0,TRUE
1,6,5,0.166666666666667,0.2,72,3,FALSE
7,6,5,0.166666666666667,0.2,72,7,FALSE
9,6,5,0.166666666666667,0.2,72,6,TRUE
11,6,5,0.166666666666667,0.2,72,7,FALSE
12,6,5,0.166666666666667,0.2,72,11,TRUE
13,6,5,0.166666666666667,0.2,72,4,FALSE
16,6,5,0.166666666666667,0.2,72,6,TRUE
17,6,5,0.166666666666667,0.2,72,7,TRUE
19,6,5,0.166666666666667,0.2,72,2,FALSE
20,6,5,0.166666666666667,0.2,72,4,TRUE
1,7,5,0.142857142857143,0.2,73,2,FALSE
6,7,5,0.142857142857143,0.2,73,4,FALSE
7,7,5,0.142857142857143,0.2,73,7,FALSE
8,7,5,0.142857142857143,0.2,73,2,TRUE
9,7,5,0.142857142857143,0.2,73,1,TRUE
10,7,5,0.142857142857143,0.2,73,1,TRUE
11,7,5,0.142857142857143,0.2,73,2,TRUE
12,7,5,0.142857142857143,0.2,73,6,FALSE
13,7,5,0.142857142857143,0.2,73,2,TRUE
15,7,5,0.142857142857143,0.2,73,1,TRUE
16,7,5,0.142857142857143,0.2,73,1,TRUE
17,7,5,0.142857142857143,0.2,73,7,FALSE
18,7,5,0.142857142857143,0.2,73,3,FALSE
19,7,5,0.142857142857143,0.2,73,2,TRUE
20,7,5,0.142857142857143,0.2,73,1,TRUE
1,8,5,0.125,0.2,74,5,TRUE
6,8,5,0.125,0.2,74,7,TRUE
7,8,5,0.125,0.2,74,3,TRUE
8,8,5,0.125,0.2,74,7,FALSE
9,8,5,0.125,0.2,74,3,TRUE
10,8,5,0.125,0.2,74,8,FALSE
11,8,5,0.125,0.2,74,6,TRUE
12,8,5,0.125,0.2,74,6,TRUE
16,8,5,0.125,0.2,74,4,TRUE
17,8,5,0.125,0.2,74,1,TRUE
19,8,5,0.125,0.2,74,4,TRUE
20,8,5,0.125,0.2,74,6,TRUE
1,9,5,0.111111111111111,0.2,75,1,TRUE
6,9,5,0.111111111111111,0.2,75,6,FALSE
7,9,5,0.111111111111111,0.2,75,1,TRUE
8,9,5,0.111111111111111,0.2,75,0,TRUE
9,9,5,0.111111111111111,0.2,75,7,FALSE
10,9,5,0.111111111111111,0.2,75,1,TRUE
11,9,5,0.111111111111111,0.2,75,2,TRUE
12,9,5,0.111111111111111,0.2,75,0,TRUE
13,9,5,0.111111111111111,0.2,75,5,FALSE
16,9,5,0.111111111111111,0.2,75,2,FALSE
17,9,5,0.111111111111111,0.2,75,1,TRUE
18,9,5,0.111111111111111,0.2,75,5,FALSE
20,9,5,0.111111111111111,0.2,75,3,FALSE
1,10,6,0.1,0.166666666666667,76,23,TRUE
4,10,6,0.1,0.166666666666667,76,24,TRUE
7,10,6,0.1,0.166666666666667,76,7,FALSE
11,10,6,0.1,0.166666666666667,76,4,FALSE
12,10,6,0.1,0.166666666666667,76,24,TRUE
16,10,6,0.1,0.166666666666667,76,24,TRUE
17,10,6,0.1,0.166666666666667,76,5,FALSE
19,10,6,0.1,0.166666666666667,76,7,FALSE
20,10,6,0.1,0.166666666666667,76,24,TRUE
1,11,6,0.0909090909090909,0.166666666666667,77,4,FALSE
4,11,6,0.0909090909090909,0.166666666666667,77,4,FALSE
7,11,6,0.0909090909090909,0.166666666666667,77,24,TRUE
11,11,6,0.0909090909090909,0.166666666666667,77,23,TRUE
12,11,6,0.0909090909090909,0.166666666666667,77,24,TRUE
16,11,6,0.0909090909090909,0.166666666666667,77,24,TRUE
17,11,6,0.0909090909090909,0.166666666666667,77,24,TRUE
19,11,6,0.0909090909090909,0.166666666666667,77,2,FALSE
20,11,6,0.0909090909090909,0.166666666666667,77,24,TRUE
1,12,6,0.0833333333333333,0.166666666666667,78,22,TRUE
4,12,6,0.0833333333333333,0.166666666666667,78,22,TRUE
9,12,6,0.0833333333333333,0.166666666666667,78,9,FALSE
11,12,6,0.0833333333333333,0.166666666666667,78,5,FALSE
12,12,6,0.0833333333333333,0.166666666666667,78,24,TRUE
16,12,6,0.0833333333333333,0.166666666666667,78,5,FALSE
17,12,6,0.0833333333333333,0.166666666666667,78,19,TRUE
20,12,6,0.0833333333333333,0.166666666666667,78,1,FALSE
1,13,6,0.0769230769230769,0.166666666666667,79,5,FALSE
4,13,6,0.0769230769230769,0.166666666666667,79,8,FALSE
9,13,6,0.0769230769230769,0.166666666666667,79,23,TRUE
11,13,6,0.0769230769230769,0.166666666666667,79,22,TRUE
12,13,6,0.0769230769230769,0.166666666666667,79,4,FALSE
13,13,6,0.0769230769230769,0.166666666666667,79,2,FALSE
16,13,6,0.0769230769230769,0.166666666666667,79,7,FALSE
17,13,6,0.0769230769230769,0.166666666666667,79,21,TRUE
19,13,6,0.0769230769230769,0.166666666666667,79,2,FALSE
20,13,6,0.0769230769230769,0.166666666666667,79,7,FALSE
1,14,6,0.0714285714285714,0.166666666666667,80,5,FALSE
4,14,6,0.0714285714285714,0.166666666666667,80,7,FALSE
9,14,6,0.0714285714285714,0.166666666666667,80,24,TRUE
11,14,6,0.0714285714285714,0.166666666666667,80,5,FALSE
12,14,6,0.0714285714285714,0.166666666666667,80,21,TRUE
16,14,6,0.0714285714285714,0.166666666666667,80,4,FALSE
17,14,6,0.0714285714285714,0.166666666666667,80,10,FALSE
19,14,6,0.0714285714285714,0.166666666666667,80,23,TRUE
20,14,6,0.0714285714285714,0.166666666666667,80,5,FALSE
1,15,6,0.0666666666666667,0.166666666666667,81,6,FALSE
4,15,6,0.0666666666666667,0.166666666666667,81,3,FALSE
9,15,6,0.0666666666666667,0.166666666666667,81,5,FALSE
11,15,6,0.0666666666666667,0.166666666666667,81,5,FALSE
13,15,6,0.0666666666666667,0.166666666666667,81,20,TRUE
14,15,6,0.0666666666666667,0.166666666666667,81,10,FALSE
16,15,6,0.0666666666666667,0.166666666666667,81,5,FALSE
17,15,6,0.0666666666666667,0.166666666666667,81,21,TRUE
19,15,6,0.0666666666666667,0.166666666666667,81,4,FALSE
20,15,6,0.0666666666666667,0.166666666666667,81,20,TRUE
1,7,6,0.142857142857143,0.166666666666667,82,22,TRUE
4,7,6,0.142857142857143,0.166666666666667,82,9,FALSE
7,7,6,0.142857142857143,0.166666666666667,82,20,TRUE
9,7,6,0.142857142857143,0.166666666666667,82,23,TRUE
11,7,6,0.142857142857143,0.166666666666667,82,4,FALSE
12,7,6,0.142857142857143,0.166666666666667,82,4,FALSE
13,7,6,0.142857142857143,0.166666666666667,82,6,FALSE
14,7,6,0.142857142857143,0.166666666666667,82,17,TRUE
16,7,6,0.142857142857143,0.166666666666667,82,23,TRUE
17,7,6,0.142857142857143,0.166666666666667,82,5,FALSE
19,7,6,0.142857142857143,0.166666666666667,82,2,FALSE
20,7,6,0.142857142857143,0.166666666666667,82,19,TRUE
1,8,6,0.125,0.166666666666667,83,5,FALSE
4,8,6,0.125,0.166666666666667,83,24,TRUE
7,8,6,0.125,0.166666666666667,83,5,FALSE
9,8,6,0.125,0.166666666666667,83,24,TRUE
11,8,6,0.125,0.166666666666667,83,4,FALSE
12,8,6,0.125,0.166666666666667,83,24,TRUE
16,8,6,0.125,0.166666666666667,83,24,TRUE
17,8,6,0.125,0.166666666666667,83,24,TRUE
19,8,6,0.125,0.166666666666667,83,7,FALSE
20,8,6,0.125,0.166666666666667,83,24,TRUE
1,9,6,0.111111111111111,0.166666666666667,84,5,FALSE
4,9,6,0.111111111111111,0.166666666666667,84,18,TRUE
7,9,6,0.111111111111111,0.166666666666667,84,6,FALSE
9,9,6,0.111111111111111,0.166666666666667,84,7,FALSE
11,9,6,0.111111111111111,0.166666666666667,84,3,FALSE
12,9,6,0.111111111111111,0.166666666666667,84,21,TRUE
13,9,6,0.111111111111111,0.166666666666667,84,20,TRUE
16,9,6,0.111111111111111,0.166666666666667,84,4,FALSE
17,9,6,0.111111111111111,0.166666666666667,84,19,TRUE
20,9,6,0.111111111111111,0.166666666666667,84,6,FALSE
1,10,7,0.1,0.142857142857143,85,24,TRUE
4,10,7,0.1,0.142857142857143,85,2,FALSE
6,10,7,0.1,0.142857142857143,85,23,TRUE
7,10,7,0.1,0.142857142857143,85,7,FALSE
8,10,7,0.1,0.142857142857143,85,4,FALSE
10,10,7,0.1,0.142857142857143,85,5,FALSE
11,10,7,0.1,0.142857142857143,85,22,TRUE
12,10,7,0.1,0.142857142857143,85,4,FALSE
16,10,7,0.1,0.142857142857143,85,21,TRUE
17,10,7,0.1,0.142857142857143,85,23,TRUE
19,10,7,0.1,0.142857142857143,85,22,TRUE
20,10,7,0.1,0.142857142857143,85,24,TRUE
1,11,7,0.0909090909090909,0.142857142857143,86,5,FALSE
4,11,7,0.0909090909090909,0.142857142857143,86,20,TRUE
6,11,7,0.0909090909090909,0.142857142857143,86,21,TRUE
7,11,7,0.0909090909090909,0.142857142857143,86,21,TRUE
10,11,7,0.0909090909090909,0.142857142857143,86,6,FALSE
11,11,7,0.0909090909090909,0.142857142857143,86,2,FALSE
12,11,7,0.0909090909090909,0.142857142857143,86,6,FALSE
16,11,7,0.0909090909090909,0.142857142857143,86,22,TRUE
17,11,7,0.0909090909090909,0.142857142857143,86,6,FALSE
19,11,7,0.0909090909090909,0.142857142857143,86,22,TRUE
20,11,7,0.0909090909090909,0.142857142857143,86,21,TRUE
1,12,7,0.0833333333333333,0.142857142857143,87,12,TRUE
4,12,7,0.0833333333333333,0.142857142857143,87,9,FALSE
6,12,7,0.0833333333333333,0.142857142857143,87,16,TRUE
8,12,7,0.0833333333333333,0.142857142857143,87,15,TRUE
9,12,7,0.0833333333333333,0.142857142857143,87,4,FALSE
11,12,7,0.0833333333333333,0.142857142857143,87,19,TRUE
12,12,7,0.0833333333333333,0.142857142857143,87,7,FALSE
16,12,7,0.0833333333333333,0.142857142857143,87,3,FALSE
17,12,7,0.0833333333333333,0.142857142857143,87,2,FALSE
20,12,7,0.0833333333333333,0.142857142857143,87,5,FALSE
1,13,7,0.0769230769230769,0.142857142857143,88,4,FALSE
4,13,7,0.0769230769230769,0.142857142857143,88,9,TRUE
6,13,7,0.0769230769230769,0.142857142857143,88,6,FALSE
8,13,7,0.0769230769230769,0.142857142857143,88,12,TRUE
9,13,7,0.0769230769230769,0.142857142857143,88,11,TRUE
10,13,7,0.0769230769230769,0.142857142857143,88,3,FALSE
11,13,7,0.0769230769230769,0.142857142857143,88,7,FALSE
12,13,7,0.0769230769230769,0.142857142857143,88,13,TRUE
13,13,7,0.0769230769230769,0.142857142857143,88,8,TRUE
15,13,7,0.0769230769230769,0.142857142857143,88,8,TRUE
16,13,7,0.0769230769230769,0.142857142857143,88,2,FALSE
17,13,7,0.0769230769230769,0.142857142857143,88,4,FALSE
18,13,7,0.0769230769230769,0.142857142857143,88,8,FALSE
19,13,7,0.0769230769230769,0.142857142857143,88,11,TRUE
20,13,7,0.0769230769230769,0.142857142857143,88,4,FALSE
1,14,7,0.0714285714285714,0.142857142857143,89,4,FALSE
4,14,7,0.0714285714285714,0.142857142857143,89,15,TRUE
6,14,7,0.0714285714285714,0.142857142857143,89,7,FALSE
8,14,7,0.0714285714285714,0.142857142857143,89,4,FALSE
9,14,7,0.0714285714285714,0.142857142857143,89,14,TRUE
11,14,7,0.0714285714285714,0.142857142857143,89,18,TRUE
12,14,7,0.0714285714285714,0.142857142857143,89,4,FALSE
16,14,7,0.0714285714285714,0.142857142857143,89,2,FALSE
17,14,7,0.0714285714285714,0.142857142857143,89,16,TRUE
19,14,7,0.0714285714285714,0.142857142857143,89,2,FALSE
20,14,7,0.0714285714285714,0.142857142857143,89,0,FALSE
1,15,7,0.0666666666666667,0.142857142857143,90,8,FALSE
4,15,7,0.0666666666666667,0.142857142857143,90,12,TRUE
6,15,7,0.0666666666666667,0.142857142857143,90,11,TRUE
9,15,7,0.0666666666666667,0.142857142857143,90,4,FALSE
10,15,7,0.0666666666666667,0.142857142857143,90,2,FALSE
11,15,7,0.0666666666666667,0.142857142857143,90,12,TRUE
13,15,7,0.0666666666666667,0.142857142857143,90,5,FALSE
14,15,7,0.0666666666666667,0.142857142857143,90,6,FALSE
15,15,7,0.0666666666666667,0.142857142857143,90,7,FALSE
16,15,7,0.0666666666666667,0.142857142857143,90,7,FALSE
17,15,7,0.0666666666666667,0.142857142857143,90,7,FALSE
19,15,7,0.0666666666666667,0.142857142857143,90,9,TRUE
20,15,7,0.0666666666666667,0.142857142857143,90,6,TRUE
1,8,7,0.125,0.142857142857143,91,4,FALSE
4,8,7,0.125,0.142857142857143,91,4,FALSE
6,8,7,0.125,0.142857142857143,91,8,FALSE
7,8,7,0.125,0.142857142857143,91,10,FALSE
8,8,7,0.125,0.142857142857143,91,5,FALSE
9,8,7,0.125,0.142857142857143,91,20,TRUE
10,8,7,0.125,0.142857142857143,91,3,FALSE
11,8,7,0.125,0.142857142857143,91,22,TRUE
12,8,7,0.125,0.142857142857143,91,10,FALSE
16,8,7,0.125,0.142857142857143,91,20,TRUE
17,8,7,0.125,0.142857142857143,91,5,FALSE
19,8,7,0.125,0.142857142857143,91,21,TRUE
20,8,7,0.125,0.142857142857143,91,16,TRUE
1,9,7,0.111111111111111,0.142857142857143,92,6,FALSE
4,9,7,0.111111111111111,0.142857142857143,92,3,FALSE
6,9,7,0.111111111111111,0.142857142857143,92,7,TRUE
7,9,7,0.111111111111111,0.142857142857143,92,6,FALSE
8,9,7,0.111111111111111,0.142857142857143,92,8,TRUE
9,9,7,0.111111111111111,0.142857142857143,92,2,FALSE
10,9,7,0.111111111111111,0.142857142857143,92,6,TRUE
11,9,7,0.111111111111111,0.142857142857143,92,7,TRUE
12,9,7,0.111111111111111,0.142857142857143,92,5,FALSE
13,9,7,0.111111111111111,0.142857142857143,92,3,FALSE
16,9,7,0.111111111111111,0.142857142857143,92,5,FALSE
17,9,7,0.111111111111111,0.142857142857143,92,6,FALSE
18,9,7,0.111111111111111,0.142857142857143,92,9,TRUE
20,9,7,0.111111111111111,0.142857142857143,92,5,FALSE
1,10,8,0.1,0.125,93,5,FALSE
4,10,8,0.1,0.125,93,23,TRUE
5,10,8,0.1,0.125,93,24,TRUE
6,10,8,0.1,0.125,93,3,FALSE
7,10,8,0.1,0.125,93,24,TRUE
8,10,8,0.1,0.125,93,24,TRUE
10,10,8,0.1,0.125,93,24,TRUE
11,10,8,0.1,0.125,93,23,TRUE
12,10,8,0.1,0.125,93,23,TRUE
16,10,8,0.1,0.125,93,23,TRUE
17,10,8,0.1,0.125,93,6,FALSE
19,10,8,0.1,0.125,93,24,TRUE
20,10,8,0.1,0.125,93,24,TRUE
1,11,8,0.0909090909090909,0.125,94,24,TRUE
4,11,8,0.0909090909090909,0.125,94,5,FALSE
6,11,8,0.0909090909090909,0.125,94,7,FALSE
7,11,8,0.0909090909090909,0.125,94,5,FALSE
10,11,8,0.0909090909090909,0.125,94,23,TRUE
11,11,8,0.0909090909090909,0.125,94,4,FALSE
12,11,8,0.0909090909090909,0.125,94,23,TRUE
16,11,8,0.0909090909090909,0.125,94,24,TRUE
17,11,8,0.0909090909090909,0.125,94,24,TRUE
19,11,8,0.0909090909090909,0.125,94,23,TRUE
20,11,8,0.0909090909090909,0.125,94,24,TRUE
1,12,8,0.0833333333333333,0.125,95,4,FALSE
4,12,8,0.0833333333333333,0.125,95,23,TRUE
6,12,8,0.0833333333333333,0.125,95,7,FALSE
8,12,8,0.0833333333333333,0.125,95,2,FALSE
9,12,8,0.0833333333333333,0.125,95,4,FALSE
11,12,8,0.0833333333333333,0.125,95,19,TRUE
12,12,8,0.0833333333333333,0.125,95,21,TRUE
16,12,8,0.0833333333333333,0.125,95,1,FALSE
17,12,8,0.0833333333333333,0.125,95,23,TRUE
20,12,8,0.0833333333333333,0.125,95,4,FALSE
1,13,8,0.0769230769230769,0.125,96,21,TRUE
4,13,8,0.0769230769230769,0.125,96,8,FALSE
6,13,8,0.0769230769230769,0.125,96,20,TRUE
8,13,8,0.0769230769230769,0.125,96,5,FALSE
9,13,8,0.0769230769230769,0.125,96,20,TRUE
10,13,8,0.0769230769230769,0.125,96,18,TRUE
11,13,8,0.0769230769230769,0.125,96,6,FALSE
12,13,8,0.0769230769230769,0.125,96,6,FALSE
16,13,8,0.0769230769230769,0.125,96,2,FALSE
17,13,8,0.0769230769230769,0.125,96,20,TRUE
19,13,8,0.0769230769230769,0.125,96,17,TRUE
20,13,8,0.0769230769230769,0.125,96,4,FALSE
1,14,8,0.0714285714285714,0.125,97,23,TRUE
4,14,8,0.0714285714285714,0.125,97,3,FALSE
6,14,8,0.0714285714285714,0.125,97,22,TRUE
8,14,8,0.0714285714285714,0.125,97,22,TRUE
9,14,8,0.0714285714285714,0.125,97,24,TRUE
11,14,8,0.0714285714285714,0.125,97,22,TRUE
12,14,8,0.0714285714285714,0.125,97,21,TRUE
16,14,8,0.0714285714285714,0.125,97,2,FALSE
17,14,8,0.0714285714285714,0.125,97,4,FALSE
19,14,8,0.0714285714285714,0.125,97,6,FALSE
20,14,8,0.0714285714285714,0.125,97,9,FALSE
1,15,8,0.0666666666666667,0.125,98,20,TRUE
4,15,8,0.0666666666666667,0.125,98,10,FALSE
6,15,8,0.0666666666666667,0.125,98,5,FALSE
9,15,8,0.0666666666666667,0.125,98,6,FALSE
10,15,8,0.0666666666666667,0.125,98,20,TRUE
11,15,8,0.0666666666666667,0.125,98,19,TRUE
16,15,8,0.0666666666666667,0.125,98,6,FALSE
17,15,8,0.0666666666666667,0.125,98,16,TRUE
19,15,8,0.0666666666666667,0.125,98,19,TRUE
20,15,8,0.0666666666666667,0.125,98,20,TRUE
1,9,8,0.111111111111111,0.125,99,20,TRUE
4,9,8,0.111111111111111,0.125,99,20,TRUE
5,9,8,0.111111111111111,0.125,99,6,FALSE
6,9,8,0.111111111111111,0.125,99,4,FALSE
7,9,8,0.111111111111111,0.125,99,17,TRUE
8,9,8,0.111111111111111,0.125,99,7,FALSE
9,9,8,0.111111111111111,0.125,99,5,FALSE
10,9,8,0.111111111111111,0.125,99,6,FALSE
11,9,8,0.111111111111111,0.125,99,18,TRUE
12,9,8,0.111111111111111,0.125,99,16,TRUE
16,9,8,0.111111111111111,0.125,99,4,FALSE
17,9,8,0.111111111111111,0.125,99,20,TRUE
20,9,8,0.111111111111111,0.125,99,3,FALSE
1,10,9,0.1,0.111111111111111,100,7,FALSE
4,10,9,0.1,0.111111111111111,100,21,TRUE
5,10,9,0.1,0.111111111111111,100,6,FALSE
6,10,9,0.1,0.111111111111111,100,23,TRUE
7,10,9,0.1,0.111111111111111,100,24,TRUE
8,10,9,0.1,0.111111111111111,100,3,FALSE
10,10,9,0.1,0.111111111111111,100,3,FALSE
11,10,9,0.1,0.111111111111111,100,24,TRUE
12,10,9,0.1,0.111111111111111,100,22,TRUE
16,10,9,0.1,0.111111111111111,100,6,FALSE
17,10,9,0.1,0.111111111111111,100,4,FALSE
20,10,9,0.1,0.111111111111111,100,2,FALSE
1,11,9,0.0909090909090909,0.111111111111111,101,20,TRUE
4,11,9,0.0909090909090909,0.111111111111111,101,8,FALSE
6,11,9,0.0909090909090909,0.111111111111111,101,23,TRUE
7,11,9,0.0909090909090909,0.111111111111111,101,2,FALSE
10,11,9,0.0909090909090909,0.111111111111111,101,3,FALSE
11,11,9,0.0909090909090909,0.111111111111111,101,5,FALSE
12,11,9,0.0909090909090909,0.111111111111111,101,20,TRUE
16,11,9,0.0909090909090909,0.111111111111111,101,4,FALSE
17,11,9,0.0909090909090909,0.111111111111111,101,22,TRUE
20,11,9,0.0909090909090909,0.111111111111111,101,4,FALSE
1,12,9,0.0833333333333333,0.111111111111111,102,5,FALSE
4,12,9,0.0833333333333333,0.111111111111111,102,6,TRUE
6,12,9,0.0833333333333333,0.111111111111111,102,12,TRUE
8,12,9,0.0833333333333333,0.111111111111111,102,16,TRUE
9,12,9,0.0833333333333333,0.111111111111111,102,9,TRUE
11,12,9,0.0833333333333333,0.111111111111111,102,9,TRUE
12,12,9,0.0833333333333333,0.111111111111111,102,10,TRUE
16,12,9,0.0833333333333333,0.111111111111111,102,12,TRUE
17,12,9,0.0833333333333333,0.111111111111111,102,7,TRUE
20,12,9,0.0833333333333333,0.111111111111111,102,10,TRUE
1,13,9,0.0769230769230769,0.111111111111111,103,11,TRUE
4,13,9,0.0769230769230769,0.111111111111111,103,6,FALSE
6,13,9,0.0769230769230769,0.111111111111111,103,5,FALSE
8,13,9,0.0769230769230769,0.111111111111111,103,5,TRUE
9,13,9,0.0769230769230769,0.111111111111111,103,6,FALSE
10,13,9,0.0769230769230769,0.111111111111111,103,3,FALSE
11,13,9,0.0769230769230769,0.111111111111111,103,6,FALSE
12,13,9,0.0769230769230769,0.111111111111111,103,4,FALSE
13,13,9,0.0769230769230769,0.111111111111111,103,4,FALSE
16,13,9,0.0769230769230769,0.111111111111111,103,6,TRUE
17,13,9,0.0769230769230769,0.111111111111111,103,6,TRUE
18,13,9,0.0769230769230769,0.111111111111111,103,8,FALSE
20,13,9,0.0769230769230769,0.111111111111111,103,6,TRUE
1,14,9,0.0714285714285714,0.111111111111111,104,11,TRUE
4,14,9,0.0714285714285714,0.111111111111111,104,4,FALSE
6,14,9,0.0714285714285714,0.111111111111111,104,6,FALSE
8,14,9,0.0714285714285714,0.111111111111111,104,3,FALSE
9,14,9,0.0714285714285714,0.111111111111111,104,4,FALSE
11,14,9,0.0714285714285714,0.111111111111111,104,15,TRUE
12,14,9,0.0714285714285714,0.111111111111111,104,12,TRUE
16,14,9,0.0714285714285714,0.111111111111111,104,10,TRUE
17,14,9,0.0714285714285714,0.111111111111111,104,1,FALSE
20,14,9,0.0714285714285714,0.111111111111111,104,13,TRUE
1,15,9,0.0666666666666667,0.111111111111111,105,9,TRUE
4,15,9,0.0666666666666667,0.111111111111111,105,3,FALSE
6,15,9,0.0666666666666667,0.111111111111111,105,4,TRUE
9,15,9,0.0666666666666667,0.111111111111111,105,7,TRUE
10,15,9,0.0666666666666667,0.111111111111111,105,8,FALSE
11,15,9,0.0666666666666667,0.111111111111111,105,9,TRUE
13,15,9,0.0666666666666667,0.111111111111111,105,11,TRUE
16,15,9,0.0666666666666667,0.111111111111111,105,12,TRUE
17,15,9,0.0666666666666667,0.111111111111111,105,9,TRUE
20,15,9,0.0666666666666667,0.111111111111111,105,6,FALSE
